<?xml version="1.0" encoding="UTF-8"?>
<!-- IMPORTANT: This is an internal file that has been generated
     by the Xilinx ISE software.  Any direct editing or
     changes made to this file may result in unpredictable
     behavior or data corruption.  It is strongly advised that
     users do not edit the contents of this file. -->
<DeviceUsageSummary rev="63">
<DesignStatistics TimeStamp="Wed Jan 11 14:08:14 2017"><group name="NetStatistics">
<item name="NumNets_Active" rev="63">
<attrib name="value" value="6868"/></item>
<item name="NumNets_Gnd" rev="63">
<attrib name="value" value="1"/></item>
<item name="NumNets_Vcc" rev="63">
<attrib name="value" value="1"/></item>
<item name="NumNodesOfType_Active_BRAMDUMMY" rev="63">
<attrib name="value" value="242"/></item>
<item name="NumNodesOfType_Active_CLKPIN" rev="63">
<attrib name="value" value="445"/></item>
<item name="NumNodesOfType_Active_CNTRLPIN" rev="63">
<attrib name="value" value="349"/></item>
<item name="NumNodesOfType_Active_DOUBLE" rev="63">
<attrib name="value" value="17589"/></item>
<item name="NumNodesOfType_Active_DUMMY" rev="63">
<attrib name="value" value="22641"/></item>
<item name="NumNodesOfType_Active_DUMMYBANK" rev="63">
<attrib name="value" value="48"/></item>
<item name="NumNodesOfType_Active_DUMMYESC" rev="63">
<attrib name="value" value="4"/></item>
<item name="NumNodesOfType_Active_GLOBAL" rev="63">
<attrib name="value" value="105"/></item>
<item name="NumNodesOfType_Active_HFULLHEX" rev="63">
<attrib name="value" value="179"/></item>
<item name="NumNodesOfType_Active_HLONG" rev="63">
<attrib name="value" value="34"/></item>
<item name="NumNodesOfType_Active_HUNIHEX" rev="63">
<attrib name="value" value="1284"/></item>
<item name="NumNodesOfType_Active_INPUT" rev="63">
<attrib name="value" value="25320"/></item>
<item name="NumNodesOfType_Active_IOBOUTPUT" rev="63">
<attrib name="value" value="4"/></item>
<item name="NumNodesOfType_Active_OMUX" rev="63">
<attrib name="value" value="4590"/></item>
<item name="NumNodesOfType_Active_OUTPUT" rev="63">
<attrib name="value" value="6791"/></item>
<item name="NumNodesOfType_Active_PREBXBY" rev="63">
<attrib name="value" value="5704"/></item>
<item name="NumNodesOfType_Active_VFULLHEX" rev="63">
<attrib name="value" value="565"/></item>
<item name="NumNodesOfType_Active_VLONG" rev="63">
<attrib name="value" value="136"/></item>
<item name="NumNodesOfType_Active_VUNIHEX" rev="63">
<attrib name="value" value="1054"/></item>
<item name="NumNodesOfType_Gnd_BRAMDUMMY" rev="63">
<attrib name="value" value="58"/></item>
<item name="NumNodesOfType_Gnd_CLKPIN" rev="63">
<attrib name="value" value="5"/></item>
<item name="NumNodesOfType_Gnd_DOUBLE" rev="63">
<attrib name="value" value="29"/></item>
<item name="NumNodesOfType_Gnd_DUMMY" rev="63">
<attrib name="value" value="6"/></item>
<item name="NumNodesOfType_Gnd_DUMMYBANK" rev="63">
<attrib name="value" value="8"/></item>
<item name="NumNodesOfType_Gnd_INPUT" rev="63">
<attrib name="value" value="93"/></item>
<item name="NumNodesOfType_Gnd_OMUX" rev="63">
<attrib name="value" value="50"/></item>
<item name="NumNodesOfType_Gnd_OUTPUT" rev="63">
<attrib name="value" value="31"/></item>
<item name="NumNodesOfType_Gnd_PREBXBY" rev="63">
<attrib name="value" value="31"/></item>
<item name="NumNodesOfType_Gnd_VFULLHEX" rev="63">
<attrib name="value" value="8"/></item>
</group>
<group name="SiteStatistics">
<item name="IBUF-DIFFM" rev="63">
<attrib name="value" value="2"/></item>
<item name="IBUF-DIFFMI" rev="63">
<attrib name="value" value="1"/></item>
<item name="IBUF-DIFFS" rev="63">
<attrib name="value" value="1"/></item>
<item name="IOB-DIFFM" rev="63">
<attrib name="value" value="7"/></item>
<item name="IOB-DIFFS" rev="63">
<attrib name="value" value="5"/></item>
<item name="SLICEL-SLICEM" rev="63">
<attrib name="value" value="1733"/></item>
</group>
<group name="MiscellaneousStatistics">
<item name="AGG_BONDED_IO" rev="62">
<attrib name="value" value="17"/></item>
<item name="AGG_IO" rev="62">
<attrib name="value" value="17"/></item>
<item name="AGG_SLICE" rev="62">
<attrib name="value" value="3821"/></item>
<item name="NUM_4_INPUT_LUT" rev="62">
<attrib name="value" value="7069"/></item>
<item name="NUM_BONDED_IBUF" rev="62">
<attrib name="value" value="5"/></item>
<item name="NUM_BONDED_IOB" rev="62">
<attrib name="value" value="12"/></item>
<item name="NUM_BUFGMUX" rev="62">
<attrib name="value" value="1"/></item>
<item name="NUM_CYMUX" rev="62">
<attrib name="value" value="1622"/></item>
<item name="NUM_LUT_RT" rev="62">
<attrib name="value" value="336"/></item>
<item name="NUM_MULT18X18SIO" rev="62">
<attrib name="value" value="5"/></item>
<item name="NUM_SHIFT" rev="62">
<attrib name="value" value="2"/></item>
<item name="NUM_SLICEL" rev="62">
<attrib name="value" value="3757"/></item>
<item name="NUM_SLICEM" rev="62">
<attrib name="value" value="64"/></item>
<item name="NUM_SLICE_FF" rev="62">
<attrib name="value" value="773"/></item>
<item name="NUM_XOR" rev="62">
<attrib name="value" value="997"/></item>
<item name="Xilinx Core div_gen_v3_0, Xilinx CORE Generator 14.7" rev="62">
<attrib name="value" value="2"/></item>
</group>
</DesignStatistics>
<DeviceUsage TimeStamp="Wed Jan 11 14:08:14 2017"><group name="SiteSummary">
<item name="BUFGMUX" rev="63">
<attrib name="total" value="1000000"/><attrib name="used" value="1"/></item>
<item name="BUFGMUX_GCLKMUX" rev="63">
<attrib name="total" value="1000000"/><attrib name="used" value="1"/></item>
<item name="BUFGMUX_GCLK_BUFFER" rev="63">
<attrib name="total" value="1000000"/><attrib name="used" value="1"/></item>
<item name="IBUF" rev="63">
<attrib name="total" value="1000000"/><attrib name="used" value="5"/></item>
<item name="IBUF_INBUF" rev="63">
<attrib name="total" value="1000000"/><attrib name="used" value="5"/></item>
<item name="IBUF_PAD" rev="63">
<attrib name="total" value="1000000"/><attrib name="used" value="5"/></item>
<item name="IOB" rev="63">
<attrib name="total" value="1000000"/><attrib name="used" value="12"/></item>
<item name="IOB_OUTBUF" rev="63">
<attrib name="total" value="1000000"/><attrib name="used" value="12"/></item>
<item name="IOB_PAD" rev="63">
<attrib name="total" value="1000000"/><attrib name="used" value="12"/></item>
<item name="MULT18X18SIO" rev="63">
<attrib name="total" value="1000000"/><attrib name="used" value="5"/></item>
<item name="MULT18X18SIO_MULT18X18SIO" rev="63">
<attrib name="total" value="1000000"/><attrib name="used" value="5"/></item>
<item name="SLICEL" rev="63">
<attrib name="total" value="1000000"/><attrib name="used" value="3757"/></item>
<item name="SLICEL_C1VDD" rev="63">
<attrib name="total" value="1000000"/><attrib name="used" value="123"/></item>
<item name="SLICEL_C2VDD" rev="63">
<attrib name="total" value="1000000"/><attrib name="used" value="209"/></item>
<item name="SLICEL_CYMUXF" rev="63">
<attrib name="total" value="1000000"/><attrib name="used" value="848"/></item>
<item name="SLICEL_CYMUXG" rev="63">
<attrib name="total" value="1000000"/><attrib name="used" value="774"/></item>
<item name="SLICEL_F" rev="63">
<attrib name="total" value="1000000"/><attrib name="used" value="3633"/></item>
<item name="SLICEL_F5MUX" rev="63">
<attrib name="total" value="1000000"/><attrib name="used" value="839"/></item>
<item name="SLICEL_F6MUX" rev="63">
<attrib name="total" value="1000000"/><attrib name="used" value="111"/></item>
<item name="SLICEL_FFX" rev="63">
<attrib name="total" value="1000000"/><attrib name="used" value="371"/></item>
<item name="SLICEL_FFY" rev="63">
<attrib name="total" value="1000000"/><attrib name="used" value="399"/></item>
<item name="SLICEL_G" rev="63">
<attrib name="total" value="1000000"/><attrib name="used" value="3310"/></item>
<item name="SLICEL_GNDF" rev="63">
<attrib name="total" value="1000000"/><attrib name="used" value="357"/></item>
<item name="SLICEL_GNDG" rev="63">
<attrib name="total" value="1000000"/><attrib name="used" value="210"/></item>
<item name="SLICEL_VDDF" rev="63">
<attrib name="total" value="1000000"/><attrib name="used" value="9"/></item>
<item name="SLICEL_VDDG" rev="63">
<attrib name="total" value="1000000"/><attrib name="used" value="14"/></item>
<item name="SLICEL_XORF" rev="63">
<attrib name="total" value="1000000"/><attrib name="used" value="529"/></item>
<item name="SLICEL_XORG" rev="63">
<attrib name="total" value="1000000"/><attrib name="used" value="468"/></item>
<item name="SLICEM" rev="63">
<attrib name="total" value="1000000"/><attrib name="used" value="64"/></item>
<item name="SLICEM_F" rev="63">
<attrib name="total" value="1000000"/><attrib name="used" value="62"/></item>
<item name="SLICEM_F5MUX" rev="63">
<attrib name="total" value="1000000"/><attrib name="used" value="62"/></item>
<item name="SLICEM_F6MUX" rev="63">
<attrib name="total" value="1000000"/><attrib name="used" value="62"/></item>
<item name="SLICEM_FFX" rev="63">
<attrib name="total" value="1000000"/><attrib name="used" value="1"/></item>
<item name="SLICEM_FFY" rev="63">
<attrib name="total" value="1000000"/><attrib name="used" value="2"/></item>
<item name="SLICEM_G" rev="63">
<attrib name="total" value="1000000"/><attrib name="used" value="64"/></item>
<item name="SLICEM_WSGEN" rev="63">
<attrib name="total" value="1000000"/><attrib name="used" value="2"/></item>
</group>
</DeviceUsage>
<ReportConfigData TimeStamp="Wed Jan 11 14:08:14 2017"><group name="SLICEL_CYMUXF">
<item name="0" rev="63">
<attrib name="0" value="839"/><attrib name="0_INV" value="0"/></item>
<item name="1" rev="63">
<attrib name="1_INV" value="16"/><attrib name="1" value="832"/></item>
</group>
<group name="SLICEL_CYMUXG">
<item name="0" rev="63">
<attrib name="0" value="760"/><attrib name="0_INV" value="0"/></item>
</group>
<group name="IBUF_PAD">
<item name="IOATTRBOX" rev="63">
<attrib name="LVTTL" value="2"/><attrib name="LVCMOS33" value="3"/></item>
<item name="PULL" rev="63">
<attrib name="PULLDOWN" value="2"/></item>
</group>
<group name="SLICEM_F">
<item name="LUT_OR_MEM" rev="63">
<attrib name="LUT" value="62"/></item>
</group>
<group name="SLICEM_G">
<item name="DI" rev="63">
<attrib name="DI" value="2"/><attrib name="DI_INV" value="0"/></item>
<item name="G_ATTR" rev="63">
<attrib name="SHIFT_REG" value="2"/></item>
<item name="LUT_OR_MEM" rev="63">
<attrib name="LUT" value="62"/><attrib name="RAM" value="2"/></item>
</group>
<group name="SLICEM_F6MUX">
<item name="S0" rev="63">
<attrib name="S0" value="62"/><attrib name="S0_INV" value="0"/></item>
</group>
<group name="SLICEL">
<item name="BX" rev="63">
<attrib name="BX_INV" value="24"/><attrib name="BX" value="1075"/></item>
<item name="BY" rev="63">
<attrib name="BY" value="273"/><attrib name="BY_INV" value="5"/></item>
<item name="CE" rev="63">
<attrib name="CE" value="124"/><attrib name="CE_INV" value="12"/></item>
<item name="CIN" rev="63">
<attrib name="CIN_INV" value="0"/><attrib name="CIN" value="731"/></item>
<item name="CLK" rev="63">
<attrib name="CLK" value="443"/><attrib name="CLK_INV" value="0"/></item>
<item name="SR" rev="63">
<attrib name="SR" value="209"/><attrib name="SR_INV" value="0"/></item>
</group>
<group name="SLICEM">
<item name="BX" rev="63">
<attrib name="BX_INV" value="0"/><attrib name="BX" value="63"/></item>
<item name="BY" rev="63">
<attrib name="BY" value="64"/><attrib name="BY_INV" value="0"/></item>
<item name="CE" rev="63">
<attrib name="CE" value="2"/><attrib name="CE_INV" value="0"/></item>
<item name="CLK" rev="63">
<attrib name="CLK" value="2"/><attrib name="CLK_INV" value="0"/></item>
<item name="SR" rev="63">
<attrib name="SR" value="2"/><attrib name="SR_INV" value="0"/></item>
</group>
<group name="SLICEL_F6MUX">
<item name="S0" rev="63">
<attrib name="S0" value="111"/><attrib name="S0_INV" value="0"/></item>
</group>
<group name="IOB_OUTBUF">
<item name="IN" rev="63">
<attrib name="IN_INV" value="0"/><attrib name="IN" value="12"/></item>
</group>
<group name="MULT18X18SIO">
<item name="CEA" rev="63">
<attrib name="CEA_INV" value="0"/><attrib name="CEA" value="5"/></item>
<item name="CEB" rev="63">
<attrib name="CEB_INV" value="0"/><attrib name="CEB" value="5"/></item>
<item name="CEP" rev="63">
<attrib name="CEP" value="5"/><attrib name="CEP_INV" value="0"/></item>
<item name="CLK" rev="63">
<attrib name="CLK" value="5"/><attrib name="CLK_INV" value="0"/></item>
<item name="RSTA" rev="63">
<attrib name="RSTA" value="5"/><attrib name="RSTA_INV" value="0"/></item>
<item name="RSTB" rev="63">
<attrib name="RSTB" value="5"/><attrib name="RSTB_INV" value="0"/></item>
<item name="RSTP" rev="63">
<attrib name="RSTP_INV" value="0"/><attrib name="RSTP" value="5"/></item>
</group>
<group name="SLICEM_F5MUX">
<item name="S0" rev="63">
<attrib name="S0" value="62"/><attrib name="S0_INV" value="0"/></item>
</group>
<group name="SLICEL_FFX">
<item name="CE" rev="63">
<attrib name="CE" value="98"/><attrib name="CE_INV" value="12"/></item>
<item name="CK" rev="63">
<attrib name="CK" value="371"/><attrib name="CK_INV" value="0"/></item>
<item name="D" rev="63">
<attrib name="D" value="363"/><attrib name="D_INV" value="8"/></item>
<item name="FFX_INIT_ATTR" rev="63">
<attrib name="INIT0" value="202"/><attrib name="INIT1" value="169"/></item>
<item name="FFX_SR_ATTR" rev="63">
<attrib name="SRLOW" value="345"/><attrib name="SRHIGH" value="26"/></item>
<item name="LATCH_OR_FF" rev="63">
<attrib name="FF" value="371"/></item>
<item name="REV" rev="63">
<attrib name="REV_INV" value="0"/><attrib name="REV" value="2"/></item>
<item name="SR" rev="63">
<attrib name="SR" value="175"/><attrib name="SR_INV" value="0"/></item>
<item name="SYNC_ATTR" rev="63">
<attrib name="ASYNC" value="352"/><attrib name="SYNC" value="19"/></item>
</group>
<group name="SLICEL_XORF">
<item name="1" rev="63">
<attrib name="1_INV" value="15"/><attrib name="1" value="514"/></item>
</group>
<group name="SLICEL_FFY">
<item name="CE" rev="63">
<attrib name="CE" value="108"/><attrib name="CE_INV" value="12"/></item>
<item name="CK" rev="63">
<attrib name="CK" value="399"/><attrib name="CK_INV" value="0"/></item>
<item name="D" rev="63">
<attrib name="D" value="394"/><attrib name="D_INV" value="5"/></item>
<item name="FFY_INIT_ATTR" rev="63">
<attrib name="INIT0" value="243"/><attrib name="INIT1" value="156"/></item>
<item name="FFY_SR_ATTR" rev="63">
<attrib name="SRLOW" value="378"/><attrib name="SRHIGH" value="21"/></item>
<item name="LATCH_OR_FF" rev="63">
<attrib name="FF" value="399"/></item>
<item name="REV" rev="63">
<attrib name="REV_INV" value="0"/><attrib name="REV" value="2"/></item>
<item name="SR" rev="63">
<attrib name="SR" value="181"/><attrib name="SR_INV" value="0"/></item>
<item name="SYNC_ATTR" rev="63">
<attrib name="ASYNC" value="381"/><attrib name="SYNC" value="18"/></item>
</group>
<group name="BUFGMUX_GCLKMUX">
<item name="DISABLE_ATTR" rev="63">
<attrib name="LOW" value="1"/></item>
<item name="S" rev="63">
<attrib name="S_INV" value="1"/><attrib name="S" value="0"/></item>
</group>
<group name="SLICEL_F5MUX">
<item name="S0" rev="63">
<attrib name="S0" value="839"/><attrib name="S0_INV" value="0"/></item>
</group>
<group name="MULT18X18SIO_MULT18X18SIO">
<item name="AREG" rev="63">
<attrib name="0" value="5"/></item>
<item name="BREG" rev="63">
<attrib name="0" value="5"/></item>
<item name="B_INPUT" rev="63">
<attrib name="DIRECT" value="5"/></item>
<item name="CEA" rev="63">
<attrib name="CEA_INV" value="0"/><attrib name="CEA" value="5"/></item>
<item name="CEB" rev="63">
<attrib name="CEB_INV" value="0"/><attrib name="CEB" value="5"/></item>
<item name="CEP" rev="63">
<attrib name="CEP" value="5"/><attrib name="CEP_INV" value="0"/></item>
<item name="CLK" rev="63">
<attrib name="CLK" value="5"/><attrib name="CLK_INV" value="0"/></item>
<item name="PREG" rev="63">
<attrib name="0" value="5"/></item>
<item name="PREG_CLKINVERSION" rev="63">
<attrib name="0" value="5"/></item>
<item name="RSTA" rev="63">
<attrib name="RSTA" value="5"/><attrib name="RSTA_INV" value="0"/></item>
<item name="RSTB" rev="63">
<attrib name="RSTB" value="5"/><attrib name="RSTB_INV" value="0"/></item>
<item name="RSTP" rev="63">
<attrib name="RSTP_INV" value="0"/><attrib name="RSTP" value="5"/></item>
</group>
<group name="SLICEM_WSGEN">
<item name="CK" rev="63">
<attrib name="CK" value="2"/><attrib name="CK_INV" value="0"/></item>
<item name="SYNC_ATTR" rev="63">
<attrib name="ASYNC" value="2"/></item>
<item name="WE" rev="63">
<attrib name="WE_INV" value="0"/><attrib name="WE" value="2"/></item>
</group>
<group name="SLICEM_FFX">
<item name="CE" rev="63">
<attrib name="CE" value="1"/><attrib name="CE_INV" value="0"/></item>
<item name="CK" rev="63">
<attrib name="CK" value="1"/><attrib name="CK_INV" value="0"/></item>
<item name="D" rev="63">
<attrib name="D" value="1"/><attrib name="D_INV" value="0"/></item>
<item name="FFX_INIT_ATTR" rev="63">
<attrib name="INIT0" value="1"/></item>
<item name="FFX_SR_ATTR" rev="63">
<attrib name="SRLOW" value="1"/></item>
<item name="LATCH_OR_FF" rev="63">
<attrib name="FF" value="1"/></item>
<item name="SYNC_ATTR" rev="63">
<attrib name="ASYNC" value="1"/></item>
</group>
<group name="SLICEM_FFY">
<item name="CE" rev="63">
<attrib name="CE" value="2"/><attrib name="CE_INV" value="0"/></item>
<item name="CK" rev="63">
<attrib name="CK" value="2"/><attrib name="CK_INV" value="0"/></item>
<item name="D" rev="63">
<attrib name="D" value="2"/><attrib name="D_INV" value="0"/></item>
<item name="FFY_INIT_ATTR" rev="63">
<attrib name="INIT0" value="2"/></item>
<item name="FFY_SR_ATTR" rev="63">
<attrib name="SRLOW" value="2"/></item>
<item name="LATCH_OR_FF" rev="63">
<attrib name="FF" value="2"/></item>
<item name="SYNC_ATTR" rev="63">
<attrib name="ASYNC" value="2"/></item>
</group>
<group name="IOB_PAD">
<item name="DRIVEATTRBOX" rev="63">
<attrib name="4" value="7"/><attrib name="8" value="5"/></item>
<item name="IOATTRBOX" rev="63">
<attrib name="LVTTL" value="5"/><attrib name="LVCMOS33" value="7"/></item>
<item name="SLEW" rev="63">
<attrib name="SLOW" value="7"/><attrib name="FAST" value="5"/></item>
</group>
<group name="IOB">
<item name="O1" rev="63">
<attrib name="O1_INV" value="0"/><attrib name="O1" value="12"/></item>
</group>
<group name="BUFGMUX">
<item name="S" rev="63">
<attrib name="S_INV" value="1"/><attrib name="S" value="0"/></item>
</group>
</ReportConfigData>
<ReportPinData TimeStamp="Wed Jan 11 14:08:14 2017"><group name="SLICEL_CYMUXF">
<item name="0" rev="63">
<attrib name="value" value="839"/></item>
<item name="1" rev="63">
<attrib name="value" value="848"/></item>
<item name="OUT" rev="63">
<attrib name="value" value="848"/></item>
<item name="S0" rev="63">
<attrib name="value" value="848"/></item>
</group>
<group name="SLICEL_CYMUXG">
<item name="0" rev="63">
<attrib name="value" value="760"/></item>
<item name="1" rev="63">
<attrib name="value" value="774"/></item>
<item name="OUT" rev="63">
<attrib name="value" value="774"/></item>
<item name="S0" rev="63">
<attrib name="value" value="774"/></item>
</group>
<group name="IBUF_PAD">
<item name="PAD" rev="63">
<attrib name="value" value="5"/></item>
</group>
<group name="IBUF_INBUF">
<item name="IN" rev="63">
<attrib name="value" value="5"/></item>
<item name="OUT" rev="63">
<attrib name="value" value="5"/></item>
</group>
<group name="SLICEM_F">
<item name="A1" rev="63">
<attrib name="value" value="62"/></item>
<item name="A2" rev="63">
<attrib name="value" value="62"/></item>
<item name="A3" rev="63">
<attrib name="value" value="55"/></item>
<item name="A4" rev="63">
<attrib name="value" value="31"/></item>
<item name="D" rev="63">
<attrib name="value" value="62"/></item>
</group>
<group name="SLICEM_G">
<item name="A1" rev="63">
<attrib name="value" value="64"/></item>
<item name="A2" rev="63">
<attrib name="value" value="64"/></item>
<item name="A3" rev="63">
<attrib name="value" value="64"/></item>
<item name="A4" rev="63">
<attrib name="value" value="40"/></item>
<item name="D" rev="63">
<attrib name="value" value="64"/></item>
<item name="DI" rev="63">
<attrib name="value" value="2"/></item>
<item name="WS" rev="63">
<attrib name="value" value="2"/></item>
</group>
<group name="BUFGMUX_GCLK_BUFFER">
<item name="IN" rev="63">
<attrib name="value" value="1"/></item>
<item name="OUT" rev="63">
<attrib name="value" value="1"/></item>
</group>
<group name="SLICEM_F6MUX">
<item name="0" rev="63">
<attrib name="value" value="62"/></item>
<item name="1" rev="63">
<attrib name="value" value="62"/></item>
<item name="OUT" rev="63">
<attrib name="value" value="62"/></item>
<item name="S0" rev="63">
<attrib name="value" value="62"/></item>
</group>
<group name="SLICEL">
<item name="BX" rev="63">
<attrib name="value" value="1099"/></item>
<item name="BY" rev="63">
<attrib name="value" value="278"/></item>
<item name="CE" rev="63">
<attrib name="value" value="136"/></item>
<item name="CIN" rev="63">
<attrib name="value" value="731"/></item>
<item name="CLK" rev="63">
<attrib name="value" value="443"/></item>
<item name="COUT" rev="63">
<attrib name="value" value="774"/></item>
<item name="F1" rev="63">
<attrib name="value" value="3596"/></item>
<item name="F2" rev="63">
<attrib name="value" value="3276"/></item>
<item name="F3" rev="63">
<attrib name="value" value="2720"/></item>
<item name="F4" rev="63">
<attrib name="value" value="2120"/></item>
<item name="F5" rev="63">
<attrib name="value" value="222"/></item>
<item name="FX" rev="63">
<attrib name="value" value="31"/></item>
<item name="FXINA" rev="63">
<attrib name="value" value="111"/></item>
<item name="FXINB" rev="63">
<attrib name="value" value="111"/></item>
<item name="G1" rev="63">
<attrib name="value" value="3283"/></item>
<item name="G2" rev="63">
<attrib name="value" value="3012"/></item>
<item name="G3" rev="63">
<attrib name="value" value="2443"/></item>
<item name="G4" rev="63">
<attrib name="value" value="1756"/></item>
<item name="SR" rev="63">
<attrib name="value" value="209"/></item>
<item name="X" rev="63">
<attrib name="value" value="2760"/></item>
<item name="XB" rev="63">
<attrib name="value" value="65"/></item>
<item name="XQ" rev="63">
<attrib name="value" value="371"/></item>
<item name="Y" rev="63">
<attrib name="value" value="1994"/></item>
<item name="YQ" rev="63">
<attrib name="value" value="399"/></item>
</group>
<group name="SLICEM">
<item name="BX" rev="63">
<attrib name="value" value="63"/></item>
<item name="BY" rev="63">
<attrib name="value" value="64"/></item>
<item name="CE" rev="63">
<attrib name="value" value="2"/></item>
<item name="CLK" rev="63">
<attrib name="value" value="2"/></item>
<item name="F1" rev="63">
<attrib name="value" value="62"/></item>
<item name="F2" rev="63">
<attrib name="value" value="62"/></item>
<item name="F3" rev="63">
<attrib name="value" value="55"/></item>
<item name="F4" rev="63">
<attrib name="value" value="31"/></item>
<item name="F5" rev="63">
<attrib name="value" value="62"/></item>
<item name="FX" rev="63">
<attrib name="value" value="31"/></item>
<item name="FXINA" rev="63">
<attrib name="value" value="62"/></item>
<item name="FXINB" rev="63">
<attrib name="value" value="62"/></item>
<item name="G1" rev="63">
<attrib name="value" value="64"/></item>
<item name="G2" rev="63">
<attrib name="value" value="64"/></item>
<item name="G3" rev="63">
<attrib name="value" value="64"/></item>
<item name="G4" rev="63">
<attrib name="value" value="40"/></item>
<item name="SR" rev="63">
<attrib name="value" value="2"/></item>
<item name="X" rev="63">
<attrib name="value" value="4"/></item>
<item name="XQ" rev="63">
<attrib name="value" value="1"/></item>
<item name="Y" rev="63">
<attrib name="value" value="31"/></item>
<item name="YQ" rev="63">
<attrib name="value" value="2"/></item>
</group>
<group name="SLICEL_F6MUX">
<item name="0" rev="63">
<attrib name="value" value="111"/></item>
<item name="1" rev="63">
<attrib name="value" value="111"/></item>
<item name="OUT" rev="63">
<attrib name="value" value="111"/></item>
<item name="S0" rev="63">
<attrib name="value" value="111"/></item>
</group>
<group name="IOB_OUTBUF">
<item name="IN" rev="63">
<attrib name="value" value="12"/></item>
<item name="OUT" rev="63">
<attrib name="value" value="12"/></item>
</group>
<group name="IBUF">
<item name="I" rev="63">
<attrib name="value" value="5"/></item>
<item name="PAD" rev="63">
<attrib name="value" value="5"/></item>
</group>
<group name="MULT18X18SIO">
<item name="A0" rev="63">
<attrib name="value" value="5"/></item>
<item name="A1" rev="63">
<attrib name="value" value="5"/></item>
<item name="A10" rev="63">
<attrib name="value" value="5"/></item>
<item name="A11" rev="63">
<attrib name="value" value="5"/></item>
<item name="A12" rev="63">
<attrib name="value" value="5"/></item>
<item name="A13" rev="63">
<attrib name="value" value="5"/></item>
<item name="A14" rev="63">
<attrib name="value" value="5"/></item>
<item name="A15" rev="63">
<attrib name="value" value="5"/></item>
<item name="A16" rev="63">
<attrib name="value" value="5"/></item>
<item name="A17" rev="63">
<attrib name="value" value="5"/></item>
<item name="A2" rev="63">
<attrib name="value" value="5"/></item>
<item name="A3" rev="63">
<attrib name="value" value="5"/></item>
<item name="A4" rev="63">
<attrib name="value" value="5"/></item>
<item name="A5" rev="63">
<attrib name="value" value="5"/></item>
<item name="A6" rev="63">
<attrib name="value" value="5"/></item>
<item name="A7" rev="63">
<attrib name="value" value="5"/></item>
<item name="A8" rev="63">
<attrib name="value" value="5"/></item>
<item name="A9" rev="63">
<attrib name="value" value="5"/></item>
<item name="B0" rev="63">
<attrib name="value" value="5"/></item>
<item name="B1" rev="63">
<attrib name="value" value="5"/></item>
<item name="B10" rev="63">
<attrib name="value" value="5"/></item>
<item name="B11" rev="63">
<attrib name="value" value="5"/></item>
<item name="B12" rev="63">
<attrib name="value" value="5"/></item>
<item name="B13" rev="63">
<attrib name="value" value="5"/></item>
<item name="B14" rev="63">
<attrib name="value" value="5"/></item>
<item name="B15" rev="63">
<attrib name="value" value="5"/></item>
<item name="B16" rev="63">
<attrib name="value" value="5"/></item>
<item name="B17" rev="63">
<attrib name="value" value="5"/></item>
<item name="B2" rev="63">
<attrib name="value" value="5"/></item>
<item name="B3" rev="63">
<attrib name="value" value="5"/></item>
<item name="B4" rev="63">
<attrib name="value" value="5"/></item>
<item name="B5" rev="63">
<attrib name="value" value="5"/></item>
<item name="B6" rev="63">
<attrib name="value" value="5"/></item>
<item name="B7" rev="63">
<attrib name="value" value="5"/></item>
<item name="B8" rev="63">
<attrib name="value" value="5"/></item>
<item name="B9" rev="63">
<attrib name="value" value="5"/></item>
<item name="CEA" rev="63">
<attrib name="value" value="5"/></item>
<item name="CEB" rev="63">
<attrib name="value" value="5"/></item>
<item name="CEP" rev="63">
<attrib name="value" value="5"/></item>
<item name="CLK" rev="63">
<attrib name="value" value="5"/></item>
<item name="P0" rev="63">
<attrib name="value" value="5"/></item>
<item name="P1" rev="63">
<attrib name="value" value="5"/></item>
<item name="P10" rev="63">
<attrib name="value" value="5"/></item>
<item name="P11" rev="63">
<attrib name="value" value="5"/></item>
<item name="P12" rev="63">
<attrib name="value" value="5"/></item>
<item name="P13" rev="63">
<attrib name="value" value="3"/></item>
<item name="P14" rev="63">
<attrib name="value" value="3"/></item>
<item name="P15" rev="63">
<attrib name="value" value="3"/></item>
<item name="P16" rev="63">
<attrib name="value" value="3"/></item>
<item name="P17" rev="63">
<attrib name="value" value="3"/></item>
<item name="P18" rev="63">
<attrib name="value" value="3"/></item>
<item name="P19" rev="63">
<attrib name="value" value="3"/></item>
<item name="P2" rev="63">
<attrib name="value" value="5"/></item>
<item name="P20" rev="63">
<attrib name="value" value="3"/></item>
<item name="P21" rev="63">
<attrib name="value" value="3"/></item>
<item name="P22" rev="63">
<attrib name="value" value="3"/></item>
<item name="P23" rev="63">
<attrib name="value" value="3"/></item>
<item name="P3" rev="63">
<attrib name="value" value="5"/></item>
<item name="P4" rev="63">
<attrib name="value" value="5"/></item>
<item name="P5" rev="63">
<attrib name="value" value="5"/></item>
<item name="P6" rev="63">
<attrib name="value" value="5"/></item>
<item name="P7" rev="63">
<attrib name="value" value="5"/></item>
<item name="P8" rev="63">
<attrib name="value" value="5"/></item>
<item name="P9" rev="63">
<attrib name="value" value="5"/></item>
<item name="RSTA" rev="63">
<attrib name="value" value="5"/></item>
<item name="RSTB" rev="63">
<attrib name="value" value="5"/></item>
<item name="RSTP" rev="63">
<attrib name="value" value="5"/></item>
</group>
<group name="SLICEL_VDDF">
<item name="1" rev="63">
<attrib name="value" value="9"/></item>
</group>
<group name="SLICEL_VDDG">
<item name="1" rev="63">
<attrib name="value" value="14"/></item>
</group>
<group name="SLICEM_F5MUX">
<item name="F" rev="63">
<attrib name="value" value="61"/></item>
<item name="G" rev="63">
<attrib name="value" value="62"/></item>
<item name="OUT" rev="63">
<attrib name="value" value="62"/></item>
<item name="S0" rev="63">
<attrib name="value" value="62"/></item>
</group>
<group name="SLICEL_C2VDD">
<item name="1" rev="63">
<attrib name="value" value="209"/></item>
</group>
<group name="SLICEL_XORF">
<item name="0" rev="63">
<attrib name="value" value="529"/></item>
<item name="1" rev="63">
<attrib name="value" value="529"/></item>
<item name="O" rev="63">
<attrib name="value" value="529"/></item>
</group>
<group name="SLICEL_FFX">
<item name="CE" rev="63">
<attrib name="value" value="110"/></item>
<item name="CK" rev="63">
<attrib name="value" value="371"/></item>
<item name="D" rev="63">
<attrib name="value" value="371"/></item>
<item name="Q" rev="63">
<attrib name="value" value="371"/></item>
<item name="REV" rev="63">
<attrib name="value" value="2"/></item>
<item name="SR" rev="63">
<attrib name="value" value="175"/></item>
</group>
<group name="SLICEL_FFY">
<item name="CE" rev="63">
<attrib name="value" value="120"/></item>
<item name="CK" rev="63">
<attrib name="value" value="399"/></item>
<item name="D" rev="63">
<attrib name="value" value="399"/></item>
<item name="Q" rev="63">
<attrib name="value" value="399"/></item>
<item name="REV" rev="63">
<attrib name="value" value="2"/></item>
<item name="SR" rev="63">
<attrib name="value" value="181"/></item>
</group>
<group name="SLICEL_XORG">
<item name="0" rev="63">
<attrib name="value" value="468"/></item>
<item name="1" rev="63">
<attrib name="value" value="468"/></item>
<item name="O" rev="63">
<attrib name="value" value="468"/></item>
</group>
<group name="BUFGMUX_GCLKMUX">
<item name="I0" rev="63">
<attrib name="value" value="1"/></item>
<item name="OUT" rev="63">
<attrib name="value" value="1"/></item>
<item name="S" rev="63">
<attrib name="value" value="1"/></item>
</group>
<group name="SLICEL_F5MUX">
<item name="F" rev="63">
<attrib name="value" value="839"/></item>
<item name="G" rev="63">
<attrib name="value" value="839"/></item>
<item name="OUT" rev="63">
<attrib name="value" value="839"/></item>
<item name="S0" rev="63">
<attrib name="value" value="839"/></item>
</group>
<group name="MULT18X18SIO_MULT18X18SIO">
<item name="A0" rev="63">
<attrib name="value" value="5"/></item>
<item name="A1" rev="63">
<attrib name="value" value="5"/></item>
<item name="A10" rev="63">
<attrib name="value" value="5"/></item>
<item name="A11" rev="63">
<attrib name="value" value="5"/></item>
<item name="A12" rev="63">
<attrib name="value" value="5"/></item>
<item name="A13" rev="63">
<attrib name="value" value="5"/></item>
<item name="A14" rev="63">
<attrib name="value" value="5"/></item>
<item name="A15" rev="63">
<attrib name="value" value="5"/></item>
<item name="A16" rev="63">
<attrib name="value" value="5"/></item>
<item name="A17" rev="63">
<attrib name="value" value="5"/></item>
<item name="A2" rev="63">
<attrib name="value" value="5"/></item>
<item name="A3" rev="63">
<attrib name="value" value="5"/></item>
<item name="A4" rev="63">
<attrib name="value" value="5"/></item>
<item name="A5" rev="63">
<attrib name="value" value="5"/></item>
<item name="A6" rev="63">
<attrib name="value" value="5"/></item>
<item name="A7" rev="63">
<attrib name="value" value="5"/></item>
<item name="A8" rev="63">
<attrib name="value" value="5"/></item>
<item name="A9" rev="63">
<attrib name="value" value="5"/></item>
<item name="B0" rev="63">
<attrib name="value" value="5"/></item>
<item name="B1" rev="63">
<attrib name="value" value="5"/></item>
<item name="B10" rev="63">
<attrib name="value" value="5"/></item>
<item name="B11" rev="63">
<attrib name="value" value="5"/></item>
<item name="B12" rev="63">
<attrib name="value" value="5"/></item>
<item name="B13" rev="63">
<attrib name="value" value="5"/></item>
<item name="B14" rev="63">
<attrib name="value" value="5"/></item>
<item name="B15" rev="63">
<attrib name="value" value="5"/></item>
<item name="B16" rev="63">
<attrib name="value" value="5"/></item>
<item name="B17" rev="63">
<attrib name="value" value="5"/></item>
<item name="B2" rev="63">
<attrib name="value" value="5"/></item>
<item name="B3" rev="63">
<attrib name="value" value="5"/></item>
<item name="B4" rev="63">
<attrib name="value" value="5"/></item>
<item name="B5" rev="63">
<attrib name="value" value="5"/></item>
<item name="B6" rev="63">
<attrib name="value" value="5"/></item>
<item name="B7" rev="63">
<attrib name="value" value="5"/></item>
<item name="B8" rev="63">
<attrib name="value" value="5"/></item>
<item name="B9" rev="63">
<attrib name="value" value="5"/></item>
<item name="CEA" rev="63">
<attrib name="value" value="5"/></item>
<item name="CEB" rev="63">
<attrib name="value" value="5"/></item>
<item name="CEP" rev="63">
<attrib name="value" value="5"/></item>
<item name="CLK" rev="63">
<attrib name="value" value="5"/></item>
<item name="P0" rev="63">
<attrib name="value" value="5"/></item>
<item name="P1" rev="63">
<attrib name="value" value="5"/></item>
<item name="P10" rev="63">
<attrib name="value" value="5"/></item>
<item name="P11" rev="63">
<attrib name="value" value="5"/></item>
<item name="P12" rev="63">
<attrib name="value" value="5"/></item>
<item name="P13" rev="63">
<attrib name="value" value="3"/></item>
<item name="P14" rev="63">
<attrib name="value" value="3"/></item>
<item name="P15" rev="63">
<attrib name="value" value="3"/></item>
<item name="P16" rev="63">
<attrib name="value" value="3"/></item>
<item name="P17" rev="63">
<attrib name="value" value="3"/></item>
<item name="P18" rev="63">
<attrib name="value" value="3"/></item>
<item name="P19" rev="63">
<attrib name="value" value="3"/></item>
<item name="P2" rev="63">
<attrib name="value" value="5"/></item>
<item name="P20" rev="63">
<attrib name="value" value="3"/></item>
<item name="P21" rev="63">
<attrib name="value" value="3"/></item>
<item name="P22" rev="63">
<attrib name="value" value="3"/></item>
<item name="P23" rev="63">
<attrib name="value" value="3"/></item>
<item name="P3" rev="63">
<attrib name="value" value="5"/></item>
<item name="P4" rev="63">
<attrib name="value" value="5"/></item>
<item name="P5" rev="63">
<attrib name="value" value="5"/></item>
<item name="P6" rev="63">
<attrib name="value" value="5"/></item>
<item name="P7" rev="63">
<attrib name="value" value="5"/></item>
<item name="P8" rev="63">
<attrib name="value" value="5"/></item>
<item name="P9" rev="63">
<attrib name="value" value="5"/></item>
<item name="RSTA" rev="63">
<attrib name="value" value="5"/></item>
<item name="RSTB" rev="63">
<attrib name="value" value="5"/></item>
<item name="RSTP" rev="63">
<attrib name="value" value="5"/></item>
</group>
<group name="SLICEM_WSGEN">
<item name="CK" rev="63">
<attrib name="value" value="2"/></item>
<item name="WE" rev="63">
<attrib name="value" value="2"/></item>
<item name="WSG" rev="63">
<attrib name="value" value="2"/></item>
</group>
<group name="SLICEM_FFX">
<item name="CE" rev="63">
<attrib name="value" value="1"/></item>
<item name="CK" rev="63">
<attrib name="value" value="1"/></item>
<item name="D" rev="63">
<attrib name="value" value="1"/></item>
<item name="Q" rev="63">
<attrib name="value" value="1"/></item>
</group>
<group name="SLICEM_FFY">
<item name="CE" rev="63">
<attrib name="value" value="2"/></item>
<item name="CK" rev="63">
<attrib name="value" value="2"/></item>
<item name="D" rev="63">
<attrib name="value" value="2"/></item>
<item name="Q" rev="63">
<attrib name="value" value="2"/></item>
</group>
<group name="IOB_PAD">
<item name="PAD" rev="63">
<attrib name="value" value="12"/></item>
</group>
<group name="IOB">
<item name="O1" rev="63">
<attrib name="value" value="12"/></item>
<item name="PAD" rev="63">
<attrib name="value" value="12"/></item>
</group>
<group name="SLICEL_C1VDD">
<item name="1" rev="63">
<attrib name="value" value="123"/></item>
</group>
<group name="BUFGMUX">
<item name="I0" rev="63">
<attrib name="value" value="1"/></item>
<item name="O" rev="63">
<attrib name="value" value="1"/></item>
<item name="S" rev="63">
<attrib name="value" value="1"/></item>
</group>
<group name="SLICEL_F">
<item name="A1" rev="63">
<attrib name="value" value="3550"/></item>
<item name="A2" rev="63">
<attrib name="value" value="3276"/></item>
<item name="A3" rev="63">
<attrib name="value" value="2720"/></item>
<item name="A4" rev="63">
<attrib name="value" value="2120"/></item>
<item name="D" rev="63">
<attrib name="value" value="3633"/></item>
</group>
<group name="SLICEL_G">
<item name="A1" rev="63">
<attrib name="value" value="3260"/></item>
<item name="A2" rev="63">
<attrib name="value" value="3012"/></item>
<item name="A3" rev="63">
<attrib name="value" value="2443"/></item>
<item name="A4" rev="63">
<attrib name="value" value="1756"/></item>
<item name="D" rev="63">
<attrib name="value" value="3310"/></item>
</group>
<group name="SLICEL_GNDF">
<item name="0" rev="63">
<attrib name="value" value="357"/></item>
</group>
<group name="SLICEL_GNDG">
<item name="0" rev="63">
<attrib name="value" value="210"/></item>
</group>
</ReportPinData>
<CmdHistory>
</CmdHistory>
</DeviceUsageSummary>
